Pod - Indy,Primary Area,Pod - Fran.
I03,907,F01
I15,908,F21
I01,909,F03
I20,352,F14
I11,231,F19
I19,478,F14
I09,479,F10
I21,239,F13
I18,910,F15
I19,912,F14
I05,913,F07
I13,914,F23
I06,915,F09
I02,916,F02
I28,918,F08
I18,919,F15
I01,480,F06
I03,360,F01
I08,361,F09
I11,248,F19
I10,920,F17
I05,801,F04
I13,802,F24
I18,803,F15
I02,925,F02
I16,804,F16
I01,805,F02
I06,806,F08
I01,928,F06
I28,807,F28
I03,808,F06
I28,250,F27
I18,252,F15
I03,253,F01
I06,254,F09
I18,256,F11
I11,810,F19
I17,931,F11
I11,812,F18
"",813,F13
I28,814,F22
I10,815,F18
I07,936,F09
I10,816,F07
I28,937,F20
I07,817,F08
I02,818,F03
I28,819,F29
I11,260,F19
I10,262,F17
I20,386,F14
I11,269,F19
I06,940,F08
I21,941,F13
I04,701,F05
I02,702,F04
I16,703,F12
I18,704,F15
I28,705,F28
I18,706,F14
I01,949,F03
I02,707,F02
I18,828,F15
I10,708,F18
I28,709,F26
I17,270,F12
I16,276,F12
I01,951,F03
I06,830,F09
I02,831,F02
I04,952,F05
I21,954,F13
I04,712,F05
I08,713,F09
I01,714,F03
I08,956,F09
I10,715,F17
I13,716,F22
I28,717,F21
I13,718,F23
I05,719,F06
I09,601,F10
I18,843,F15
I01,602,F06
I14,603,F24
I13,845,F23
I28,724,F22
I28,604,F27
I10,847,F17
I04,605,F04
I21,727,F13
I17,606,F12
I13,607,F22
I10,608,F17
I15,609,F16
I05,970,F06
I20,850,F14
I15,973,F21
I28,610,F21
I17,731,F11
I15,732,F16
I04,612,F05
I11,734,F19
I28,613,F29
I15,856,F16
I28,614,F20
I14,978,F24
I17,615,F11
I01,858,F03
I11,616,F19
I08,979,F09
I17,859,F12
I14,617,F24
I10,618,F07
I01,619,F03
I14,860,F23
I28,740,F20
I05,620,F07
I21,863,F13
I09,501,F10
I09,985,F10
I18,864,F15
I01,623,F06
I17,502,F12
I17,865,F11
I28,503,F01
I09,504,F10
I28,867,F27
I01,626,F03
I11,989,F19
I06,505,F06
I28,506,F26
I04,507,F05
I14,508,F24
I03,509,F01
I09,870,F10
I10,630,F17
I02,510,F02
I13,631,F23
I06,512,F09
I28,513,F20
I28,514,F29
I04,515,F05
I10,636,F07
I16,757,F16
I13,516,F23
I11,517,F19
I13,518,F22
I28,519,F25
I01,760,F03
I01,520,F06
I04,641,F05
I04,763,F05
I14,401,F23
I11,765,F18
I04,402,F04
I28,403,F27
I19,404,F14
I28,405,F08
I04,406,F04
I20,407,F13
I02,408,F02
I08,409,F09
I19,770,F14
I02,650,F02
I02,530,F02
I21,772,F13
I04,651,F05
I10,773,F17
"",410,F16
I02,775,F04
I28,412,F22
I14,413,F24
I10,414,F17
I02,415,F02
I28,416,F26
I10,417,F07
I28,418,F29
I28,419,F20
I28,780,F28
I14,781,F24
I10,660,F07
I02,661,F03
I16,540,F12
I09,662,F10
I28,541,F01
I05,785,F07
"",301,F16
I15,302,F16
I17,423,F11
I05,303,F06
I28,787,F13
I03,425,F01
I17,304,F12
I21,305,F13
I28,306,F28
I04,307,F04
I04,308,F04
I10,309,F18
"",670,
I28,671,
I01,310,F03
I06,432,F09
I10,312,F17
I11,313,F19
I16,434,F12
I10,314,F07
I05,435,F04
I13,315,F22
I05,316,F07
I02,559,F02
I11,317,F18
I09,318,F10
I04,319,F05
I28,680,
I21,561,F13
I28,440,F20
I01,562,F03
I04,320,F05
"",684,
"",321,F13
I04,563,F05
I15,201,F21
I01,323,F03
"",202,F16
I14,203,F23
I28,204,F28
I06,325,F08
I18,205,F11
I03,206,F01
I14,207,F24
I04,208,F01
I02,209,F02
"",691,
I28,570,F21
"",692,
I28,450,F29
I28,330,F20
I10,573,F07
I06,210,F09
I11,574,F19
I06,575,F06
I13,212,F23
I20,334,F11
I01,213,F03
I07,214,F08
I18,336,F15
I28,215,F21
I09,337,F10
I28,216,F20
I10,217,F18
I04,218,F05
I11,219,F18
I28,580,F08
"",340,
I13,585,F22
I11,586,F19
I09,225,F10
I09,228,F10
I19,229,F14
I17,901,F11
I28,902,F26
I07,903,F08
I20,904,F14
I28,905,F25
I11,906,F19
